candidate_id,scenario,seed,epoch,train_loss,validation_mean_nrmse,best_epoch
linear_residual_mlp_speed_centered_hidden_128_64,state_group,42,1,1.1976004665382063,0.21910659996907067,203
linear_residual_mlp_speed_centered_hidden_128_64,state_group,42,2,0.3118529100527709,0.09314313585030394,203
linear_residual_mlp_speed_centered_hidden_128_64,state_group,42,3,0.07083691466756707,0.056662295596409874,203
linear_residual_mlp_speed_centered_hidden_128_64,state_group,42,4,0.03393098850416954,0.045882677792553006,203
linear_residual_mlp_speed_centered_hidden_128_64,state_group,42,5,0.024154497503206647,0.04135409162585131,203
linear_residual_mlp_speed_centered_hidden_128_64,state_group,42,6,0.0195035420757829,0.03649933126714635,203
linear_residual_mlp_speed_centered_hidden_128_64,state_group,42,7,0.016069192143149988,0.03333871077138134,203
linear_residual_mlp_speed_centered_hidden_128_64,state_group,42,8,0.01341581255397349,0.03074829924773652,203
linear_residual_mlp_speed_centered_hidden_128_64,state_group,42,9,0.01132790412810913,0.028229108993882902,203
linear_residual_mlp_speed_centered_hidden_128_64,state_group,42,10,0.009578286331161229,0.02618396581539772,203
linear_residual_mlp_speed_centered_hidden_128_64,state_group,42,11,0.008097000923221824,0.023893775739289407,203
linear_residual_mlp_speed_centered_hidden_128_64,state_group,42,12,0.006785143923257046,0.021852831352082623,203
linear_residual_mlp_speed_centered_hidden_128_64,state_group,42,13,0.005713130613267992,0.021003394223016676,203
linear_residual_mlp_speed_centered_hidden_128_64,state_group,42,14,0.0048676208339603014,0.018642373406240923,203
linear_residual_mlp_speed_centered_hidden_128_64,state_group,42,15,0.0041954010614404505,0.017308611040513358,203
linear_residual_mlp_speed_centered_hidden_128_64,state_group,42,16,0.0036110147625079444,0.016170485944426712,203
linear_residual_mlp_speed_centered_hidden_128_64,state_group,42,17,0.0032426111437594413,0.01579275321899288,203
linear_residual_mlp_speed_centered_hidden_128_64,state_group,42,18,0.0029119140124198237,0.014988502148407036,203
linear_residual_mlp_speed_centered_hidden_128_64,state_group,42,19,0.002674916991071911,0.014056621870998029,203
linear_residual_mlp_speed_centered_hidden_128_64,state_group,42,20,0.0023700776920293483,0.013570376512573847,203
linear_residual_mlp_speed_centered_hidden_128_64,state_group,42,21,0.0021541503791508206,0.012805805678207627,203
linear_residual_mlp_speed_centered_hidden_128_64,state_group,42,22,0.002016911795184416,0.012544129584295037,203
linear_residual_mlp_speed_centered_hidden_128_64,state_group,42,23,0.0019267336741960483,0.01222137172178517,203
linear_residual_mlp_speed_centered_hidden_128_64,state_group,42,24,0.0017717416140418571,0.011514025634774366,203
linear_residual_mlp_speed_centered_hidden_128_64,state_group,42,25,0.0016183703036093905,0.011217113085096167,203
linear_residual_mlp_speed_centered_hidden_128_64,state_group,42,26,0.0014840359349067812,0.010946128529504521,203
linear_residual_mlp_speed_centered_hidden_128_64,state_group,42,27,0.0014949042668523289,0.010507080118330537,203
linear_residual_mlp_speed_centered_hidden_128_64,state_group,42,28,0.001349884105874832,0.010422134429931843,203
linear_residual_mlp_speed_centered_hidden_128_64,state_group,42,29,0.00128069797564669,0.009812063341896174,203
linear_residual_mlp_speed_centered_hidden_128_64,state_group,42,30,0.001199720037112662,0.009497469936027224,203
linear_residual_mlp_speed_centered_hidden_128_64,state_group,42,31,0.0011162587630623145,0.009279306679751244,203
linear_residual_mlp_speed_centered_hidden_128_64,state_group,42,32,0.0011512836114899523,0.009632038146711692,203
linear_residual_mlp_speed_centered_hidden_128_64,state_group,42,33,0.0010531030923584869,0.008938975912468648,203
linear_residual_mlp_speed_centered_hidden_128_64,state_group,42,34,0.0010049290581734787,0.008769470599457206,203
linear_residual_mlp_speed_centered_hidden_128_64,state_group,42,35,0.0010698982211136726,0.00885936059509491,203
linear_residual_mlp_speed_centered_hidden_128_64,state_group,42,36,0.0009947399028052372,0.009007386534970421,203
linear_residual_mlp_speed_centered_hidden_128_64,state_group,42,37,0.0009452804282550269,0.008481471998253958,203
linear_residual_mlp_speed_centered_hidden_128_64,state_group,42,38,0.0008728291778700334,0.008456694616474351,203
linear_residual_mlp_speed_centered_hidden_128_64,state_group,42,39,0.0008618004037552581,0.008238731610036555,203
linear_residual_mlp_speed_centered_hidden_128_64,state_group,42,40,0.0009184021703895339,0.010473136274855677,203
linear_residual_mlp_speed_centered_hidden_128_64,state_group,42,41,0.0008880409694872654,0.007905055995619036,203
linear_residual_mlp_speed_centered_hidden_128_64,state_group,42,42,0.0007763788558121671,0.00803184240554332,203
linear_residual_mlp_speed_centered_hidden_128_64,state_group,42,43,0.0007758069642055851,0.007720216937097341,203
linear_residual_mlp_speed_centered_hidden_128_64,state_group,42,44,0.0007439740570850842,0.008007288388298424,203
linear_residual_mlp_speed_centered_hidden_128_64,state_group,42,45,0.0007326430679027747,0.00738896208426247,203
linear_residual_mlp_speed_centered_hidden_128_64,state_group,42,46,0.0007118352097182595,0.007730313583526111,203
linear_residual_mlp_speed_centered_hidden_128_64,state_group,42,47,0.0007150464042685784,0.008367619037474365,203
linear_residual_mlp_speed_centered_hidden_128_64,state_group,42,48,0.0007879104183351628,0.007760425855032511,203
linear_residual_mlp_speed_centered_hidden_128_64,state_group,42,49,0.0006560153101296146,0.006999520464272934,203
linear_residual_mlp_speed_centered_hidden_128_64,state_group,42,50,0.0006101526896704802,0.008121532838877243,203
linear_residual_mlp_speed_centered_hidden_128_64,state_group,42,51,0.0006612579849409474,0.007912906253637001,203
linear_residual_mlp_speed_centered_hidden_128_64,state_group,42,52,0.000578606544710139,0.006985356914782994,203
linear_residual_mlp_speed_centered_hidden_128_64,state_group,42,53,0.0005802670478110712,0.007956639222836952,203
linear_residual_mlp_speed_centered_hidden_128_64,state_group,42,54,0.000537659719669335,0.006544538764985137,203
linear_residual_mlp_speed_centered_hidden_128_64,state_group,42,55,0.0005034770408664898,0.0071740363293466055,203
linear_residual_mlp_speed_centered_hidden_128_64,state_group,42,56,0.0005022676965360926,0.006859446028399311,203
linear_residual_mlp_speed_centered_hidden_128_64,state_group,42,57,0.0005344691932989977,0.006954069974957353,203
linear_residual_mlp_speed_centered_hidden_128_64,state_group,42,58,0.0005537926074888172,0.007001088101958763,203
linear_residual_mlp_speed_centered_hidden_128_64,state_group,42,59,0.000563019442584337,0.006569417289225091,203
linear_residual_mlp_speed_centered_hidden_128_64,state_group,42,60,0.000552909717925421,0.007201036881340155,203
linear_residual_mlp_speed_centered_hidden_128_64,state_group,42,61,0.0005466831616978821,0.0066574525898410964,203
linear_residual_mlp_speed_centered_hidden_128_64,state_group,42,62,0.0005732135075792113,0.006379852752649686,203
linear_residual_mlp_speed_centered_hidden_128_64,state_group,42,63,0.0005114265825506656,0.006997293414067516,203
linear_residual_mlp_speed_centered_hidden_128_64,state_group,42,64,0.0005550176974375272,0.006139534129512563,203
linear_residual_mlp_speed_centered_hidden_128_64,state_group,42,65,0.0004132951587934575,0.005801691745642245,203
linear_residual_mlp_speed_centered_hidden_128_64,state_group,42,66,0.0004434832092999013,0.005887626214585836,203
linear_residual_mlp_speed_centered_hidden_128_64,state_group,42,67,0.0004562843007560091,0.006186166830545351,203
linear_residual_mlp_speed_centered_hidden_128_64,state_group,42,68,0.0004297478115132571,0.006352912673340531,203
linear_residual_mlp_speed_centered_hidden_128_64,state_group,42,69,0.0004431212437339127,0.006276814874190458,203
linear_residual_mlp_speed_centered_hidden_128_64,state_group,42,70,0.00042826384990618803,0.006044227679878177,203
linear_residual_mlp_speed_centered_hidden_128_64,state_group,42,71,0.0004060026134455298,0.006339320205094384,203
linear_residual_mlp_speed_centered_hidden_128_64,state_group,42,72,0.000544780547734193,0.006635492854895203,203
linear_residual_mlp_speed_centered_hidden_128_64,state_group,42,73,0.0004286830451997832,0.0064584035988825075,203
linear_residual_mlp_speed_centered_hidden_128_64,state_group,42,74,0.00042371876993648334,0.006372382737072941,203
linear_residual_mlp_speed_centered_hidden_128_64,state_group,42,75,0.00044103005590538186,0.006356251648365773,203
linear_residual_mlp_speed_centered_hidden_128_64,state_group,42,76,0.0004885437500473982,0.006972038374192907,203
linear_residual_mlp_speed_centered_hidden_128_64,state_group,42,77,0.00043447795816897006,0.0058931568002742905,203
linear_residual_mlp_speed_centered_hidden_128_64,state_group,42,78,0.0003557188225191058,0.005452400845704447,203
linear_residual_mlp_speed_centered_hidden_128_64,state_group,42,79,0.0003906111401314865,0.005585244120899557,203
linear_residual_mlp_speed_centered_hidden_128_64,state_group,42,80,0.00038632826426448266,0.00545594415774296,203
linear_residual_mlp_speed_centered_hidden_128_64,state_group,42,81,0.000399413651080224,0.0056882570921168475,203
linear_residual_mlp_speed_centered_hidden_128_64,state_group,42,82,0.00034020351809342447,0.005485815156297179,203
linear_residual_mlp_speed_centered_hidden_128_64,state_group,42,83,0.0003270676274341442,0.005669933033377611,203
linear_residual_mlp_speed_centered_hidden_128_64,state_group,42,84,0.0003854522910424048,0.005846311980603454,203
linear_residual_mlp_speed_centered_hidden_128_64,state_group,42,85,0.0003750498311360406,0.006748014862789213,203
linear_residual_mlp_speed_centered_hidden_128_64,state_group,42,86,0.0003775572290526296,0.005442463526228964,203
linear_residual_mlp_speed_centered_hidden_128_64,state_group,42,87,0.00037039416664640394,0.00561128063132605,203
linear_residual_mlp_speed_centered_hidden_128_64,state_group,42,88,0.00033271494963816526,0.006816117557854147,203
linear_residual_mlp_speed_centered_hidden_128_64,state_group,42,89,0.000516461139661706,0.006362100276947129,203
linear_residual_mlp_speed_centered_hidden_128_64,state_group,42,90,0.0004635482344738925,0.007805989249858519,203
linear_residual_mlp_speed_centered_hidden_128_64,state_group,42,91,0.0005074717414206771,0.006350399781592646,203
linear_residual_mlp_speed_centered_hidden_128_64,state_group,42,92,0.0004274321655774939,0.005655679855663049,203
linear_residual_mlp_speed_centered_hidden_128_64,state_group,42,93,0.0003534954152082475,0.00571229489761889,203
linear_residual_mlp_speed_centered_hidden_128_64,state_group,42,94,0.00033330895480346577,0.005976825929216148,203
linear_residual_mlp_speed_centered_hidden_128_64,state_group,42,95,0.0003195363537353103,0.005862349811983107,203
linear_residual_mlp_speed_centered_hidden_128_64,state_group,42,96,0.00045837996633709104,0.00600671630322951,203
linear_residual_mlp_speed_centered_hidden_128_64,state_group,42,97,0.0003295910255439308,0.005130939645353447,203
linear_residual_mlp_speed_centered_hidden_128_64,state_group,42,98,0.0002870652239218397,0.004940785533790614,203
linear_residual_mlp_speed_centered_hidden_128_64,state_group,42,99,0.00030330831439892667,0.005267409309142242,203
linear_residual_mlp_speed_centered_hidden_128_64,state_group,42,100,0.0003346684643056715,0.007322540521555641,203
linear_residual_mlp_speed_centered_hidden_128_64,state_group,42,101,0.0004415943622285807,0.006234634948149846,203
linear_residual_mlp_speed_centered_hidden_128_64,state_group,42,102,0.00031840902974185,0.004938350340691365,203
linear_residual_mlp_speed_centered_hidden_128_64,state_group,42,103,0.0003152631706704468,0.005766026476584323,203
linear_residual_mlp_speed_centered_hidden_128_64,state_group,42,104,0.00033130687643627557,0.005221899917881706,203
linear_residual_mlp_speed_centered_hidden_128_64,state_group,42,105,0.0002886340114862526,0.005545017378689748,203
linear_residual_mlp_speed_centered_hidden_128_64,state_group,42,106,0.0003285511832602208,0.006263983565671227,203
linear_residual_mlp_speed_centered_hidden_128_64,state_group,42,107,0.0004040132785417582,0.0065318537020098745,203
linear_residual_mlp_speed_centered_hidden_128_64,state_group,42,108,0.000344985388500359,0.005807217287655172,203
linear_residual_mlp_speed_centered_hidden_128_64,state_group,42,109,0.00031708224872359115,0.00532202830058515,203
linear_residual_mlp_speed_centered_hidden_128_64,state_group,42,110,0.00028110261390099865,0.0049158076591265,203
linear_residual_mlp_speed_centered_hidden_128_64,state_group,42,111,0.0002814067333180215,0.005199014884171472,203
linear_residual_mlp_speed_centered_hidden_128_64,state_group,42,112,0.00036379179098354334,0.00549105138465834,203
linear_residual_mlp_speed_centered_hidden_128_64,state_group,42,113,0.00031849688255331584,0.005843289086912848,203
linear_residual_mlp_speed_centered_hidden_128_64,state_group,42,114,0.0003787279743442519,0.005164906338098923,203
linear_residual_mlp_speed_centered_hidden_128_64,state_group,42,115,0.00027267846724435946,0.005464529790428581,203
linear_residual_mlp_speed_centered_hidden_128_64,state_group,42,116,0.00029298518344999017,0.006369396446282222,203
linear_residual_mlp_speed_centered_hidden_128_64,state_group,42,117,0.0003421121370359556,0.004995150178327795,203
linear_residual_mlp_speed_centered_hidden_128_64,state_group,42,118,0.00026108359140112025,0.005266064950681354,203
linear_residual_mlp_speed_centered_hidden_128_64,state_group,42,119,0.0002612837673239838,0.005941667774364967,203
linear_residual_mlp_speed_centered_hidden_128_64,state_group,42,120,0.00031694509653228256,0.005043245936253263,203
linear_residual_mlp_speed_centered_hidden_128_64,state_group,42,121,0.0003247890416024274,0.005940767442975867,203
linear_residual_mlp_speed_centered_hidden_128_64,state_group,42,122,0.00043313472183382004,0.006299435261557596,203
linear_residual_mlp_speed_centered_hidden_128_64,state_group,42,123,0.00045389427524238427,0.006971542476295897,203
linear_residual_mlp_speed_centered_hidden_128_64,state_group,42,124,0.0004611945370081955,0.004788119041541432,203
linear_residual_mlp_speed_centered_hidden_128_64,state_group,42,125,0.0003154700616610119,0.0067125027640832675,203
linear_residual_mlp_speed_centered_hidden_128_64,state_group,42,126,0.0003729444944970595,0.0057255178722054306,203
linear_residual_mlp_speed_centered_hidden_128_64,state_group,42,127,0.00030331328619178743,0.005513552982648481,203
linear_residual_mlp_speed_centered_hidden_128_64,state_group,42,128,0.0003125887973879917,0.0050152999359906174,203
linear_residual_mlp_speed_centered_hidden_128_64,state_group,42,129,0.0002476098578466973,0.004789929302491225,203
linear_residual_mlp_speed_centered_hidden_128_64,state_group,42,130,0.0002924942730843907,0.006533391975363743,203
linear_residual_mlp_speed_centered_hidden_128_64,state_group,42,131,0.00035202156813008806,0.004917586409092435,203
linear_residual_mlp_speed_centered_hidden_128_64,state_group,42,132,0.0003542159699613649,0.004850216446329087,203
linear_residual_mlp_speed_centered_hidden_128_64,state_group,42,133,0.00030775382838049595,0.0048778171282397005,203
linear_residual_mlp_speed_centered_hidden_128_64,state_group,42,134,0.00031329236236192156,0.005364932724106458,203
linear_residual_mlp_speed_centered_hidden_128_64,state_group,42,135,0.0002991373577022254,0.0050688848299199184,203
linear_residual_mlp_speed_centered_hidden_128_64,state_group,42,136,0.00031053199484307404,0.0055252579609223855,203
linear_residual_mlp_speed_centered_hidden_128_64,state_group,42,137,0.0002380483666697153,0.004624846341598356,203
linear_residual_mlp_speed_centered_hidden_128_64,state_group,42,138,0.0002297970975465516,0.0049954170026308385,203
linear_residual_mlp_speed_centered_hidden_128_64,state_group,42,139,0.00028252667826386273,0.004800175072994871,203
linear_residual_mlp_speed_centered_hidden_128_64,state_group,42,140,0.0002614053028013015,0.005076522720561368,203
linear_residual_mlp_speed_centered_hidden_128_64,state_group,42,141,0.0002957502351801707,0.005286237189779499,203
linear_residual_mlp_speed_centered_hidden_128_64,state_group,42,142,0.0002771816858700637,0.005646578059094333,203
linear_residual_mlp_speed_centered_hidden_128_64,state_group,42,143,0.0003098498377993603,0.005008334842879887,203
linear_residual_mlp_speed_centered_hidden_128_64,state_group,42,144,0.0002325271222592328,0.004638430471452351,203
linear_residual_mlp_speed_centered_hidden_128_64,state_group,42,145,0.00021672654721682528,0.0044768649877894905,203
linear_residual_mlp_speed_centered_hidden_128_64,state_group,42,146,0.00023361807354543916,0.004857133872958127,203
linear_residual_mlp_speed_centered_hidden_128_64,state_group,42,147,0.0002575815783303331,0.005378732701140813,203
linear_residual_mlp_speed_centered_hidden_128_64,state_group,42,148,0.00026399144001610194,0.0047604562233268255,203
linear_residual_mlp_speed_centered_hidden_128_64,state_group,42,149,0.00023865667653494868,0.006517832216419283,203
linear_residual_mlp_speed_centered_hidden_128_64,state_group,42,150,0.0002857892051133081,0.004866104209193539,203
linear_residual_mlp_speed_centered_hidden_128_64,state_group,42,151,0.00022396738682222336,0.004687922010255358,203
linear_residual_mlp_speed_centered_hidden_128_64,state_group,42,152,0.0002580008912658483,0.0049273243532850135,203
linear_residual_mlp_speed_centered_hidden_128_64,state_group,42,153,0.00023552907342662128,0.0048021636061313265,203
linear_residual_mlp_speed_centered_hidden_128_64,state_group,42,154,0.00028594513156119435,0.005432981024803996,203
linear_residual_mlp_speed_centered_hidden_128_64,state_group,42,155,0.0003652568779202442,0.00571327823236488,203
linear_residual_mlp_speed_centered_hidden_128_64,state_group,42,156,0.00025595584494004673,0.005131701375656913,203
linear_residual_mlp_speed_centered_hidden_128_64,state_group,42,157,0.0002788610395554353,0.004901944403322465,203
linear_residual_mlp_speed_centered_hidden_128_64,state_group,42,158,0.00028532777179855057,0.005357756934516985,203
linear_residual_mlp_speed_centered_hidden_128_64,state_group,42,159,0.00025259155258884245,0.004983227740607646,203
linear_residual_mlp_speed_centered_hidden_128_64,state_group,42,160,0.00027610514755896024,0.005259440939577411,203
linear_residual_mlp_speed_centered_hidden_128_64,state_group,42,161,0.00021221314961005045,0.005068473122589202,203
linear_residual_mlp_speed_centered_hidden_128_64,state_group,42,162,0.00026573871574150503,0.005550543920962598,203
linear_residual_mlp_speed_centered_hidden_128_64,state_group,42,163,0.00036066147820824234,0.005766979390652786,203
linear_residual_mlp_speed_centered_hidden_128_64,state_group,42,164,0.0004231563626103446,0.00918562724951481,203
linear_residual_mlp_speed_centered_hidden_128_64,state_group,42,165,0.00039049233037842816,0.004687782129789889,203
linear_residual_mlp_speed_centered_hidden_128_64,state_group,42,166,0.0002446498647573051,0.005042423167376768,203
linear_residual_mlp_speed_centered_hidden_128_64,state_group,42,167,0.00027801849358800754,0.005154635234913818,203
linear_residual_mlp_speed_centered_hidden_128_64,state_group,42,168,0.00027082126384237034,0.004312313211789723,203
linear_residual_mlp_speed_centered_hidden_128_64,state_group,42,169,0.00023664226539172519,0.004138845421795007,203
linear_residual_mlp_speed_centered_hidden_128_64,state_group,42,170,0.00032640568578840587,0.005547025065041274,203
linear_residual_mlp_speed_centered_hidden_128_64,state_group,42,171,0.0002843262159940876,0.0045484486993414616,203
linear_residual_mlp_speed_centered_hidden_128_64,state_group,42,172,0.000244152328865674,0.005040973335682769,203
linear_residual_mlp_speed_centered_hidden_128_64,state_group,42,173,0.00031774928627162813,0.0055509951430038305,203
linear_residual_mlp_speed_centered_hidden_128_64,state_group,42,174,0.00023735127406430314,0.004429689383253136,203
linear_residual_mlp_speed_centered_hidden_128_64,state_group,42,175,0.0002124481942634887,0.004271770725706956,203
linear_residual_mlp_speed_centered_hidden_128_64,state_group,42,176,0.0002225030793886903,0.0055857025760384284,203
linear_residual_mlp_speed_centered_hidden_128_64,state_group,42,177,0.00021094580402176728,0.0047024595032932,203
linear_residual_mlp_speed_centered_hidden_128_64,state_group,42,178,0.0002708708911142187,0.005056309071249308,203
linear_residual_mlp_speed_centered_hidden_128_64,state_group,42,179,0.000390295427800174,0.005551198126883592,203
linear_residual_mlp_speed_centered_hidden_128_64,state_group,42,180,0.00029775970725840406,0.004947473656702131,203
linear_residual_mlp_speed_centered_hidden_128_64,state_group,42,181,0.00020391309811819302,0.004987504182172876,203
linear_residual_mlp_speed_centered_hidden_128_64,state_group,42,182,0.000250441443944043,0.0058174614481143385,203
linear_residual_mlp_speed_centered_hidden_128_64,state_group,42,183,0.0002450899104364716,0.0042320167369831255,203
linear_residual_mlp_speed_centered_hidden_128_64,state_group,42,184,0.00023355177892247123,0.004367099016653455,203
linear_residual_mlp_speed_centered_hidden_128_64,state_group,42,185,0.00021223691193979249,0.004660841895696235,203
linear_residual_mlp_speed_centered_hidden_128_64,state_group,42,186,0.00023143210769916431,0.0064116041805699926,203
linear_residual_mlp_speed_centered_hidden_128_64,state_group,42,187,0.0002963167630957611,0.004616270579077762,203
linear_residual_mlp_speed_centered_hidden_128_64,state_group,42,188,0.00027776479728205906,0.005308719566744532,203
linear_residual_mlp_speed_centered_hidden_128_64,state_group,42,189,0.00033541410053916046,0.007417689269834508,203
linear_residual_mlp_speed_centered_hidden_128_64,state_group,42,190,0.00027584935901097784,0.005007053789892713,203
linear_residual_mlp_speed_centered_hidden_128_64,state_group,42,191,0.00021089421614417557,0.005658577847179123,203
linear_residual_mlp_speed_centered_hidden_128_64,state_group,42,192,0.0002446950508515311,0.004538858226633146,203
linear_residual_mlp_speed_centered_hidden_128_64,state_group,42,193,0.0002985954757131301,0.0046967406894539996,203
linear_residual_mlp_speed_centered_hidden_128_64,state_group,42,194,0.00024820797852779315,0.004990394658035626,203
linear_residual_mlp_speed_centered_hidden_128_64,state_group,42,195,0.0002389072217100739,0.006065870904212557,203
linear_residual_mlp_speed_centered_hidden_128_64,state_group,42,196,0.00030609342324015794,0.005979030793396092,203
linear_residual_mlp_speed_centered_hidden_128_64,state_group,42,197,0.00035425719514692566,0.005464461960533379,203
linear_residual_mlp_speed_centered_hidden_128_64,state_group,42,198,0.00033193844416485636,0.004279438151908914,203
linear_residual_mlp_speed_centered_hidden_128_64,state_group,42,199,0.00019620740231995423,0.004235851368058357,203
linear_residual_mlp_speed_centered_hidden_128_64,state_group,42,200,0.00017522627671099343,0.0044067506313857484,203
linear_residual_mlp_speed_centered_hidden_128_64,state_group,42,201,0.00019034658194255527,0.004945107424913583,203
linear_residual_mlp_speed_centered_hidden_128_64,state_group,42,202,0.00022481843740839897,0.004286264337601759,203
linear_residual_mlp_speed_centered_hidden_128_64,state_group,42,203,0.0001961614123021049,0.0038407560594674525,203
linear_residual_mlp_speed_centered_hidden_128_64,state_group,42,204,0.00023445359578845001,0.004268206985838658,203
linear_residual_mlp_speed_centered_hidden_128_64,state_group,42,205,0.0002848440790156409,0.006158178982898804,203
linear_residual_mlp_speed_centered_hidden_128_64,state_group,42,206,0.00026599167831870105,0.004448238187469054,203
linear_residual_mlp_speed_centered_hidden_128_64,state_group,42,207,0.00020147641659964063,0.004166724822192231,203
linear_residual_mlp_speed_centered_hidden_128_64,state_group,42,208,0.0003206097140419386,0.007067580340305384,203
linear_residual_mlp_speed_centered_hidden_128_64,state_group,42,209,0.00032192310345112934,0.004258904799664165,203
linear_residual_mlp_speed_centered_hidden_128_64,state_group,42,210,0.00020384651803236696,0.004607267412976889,203
linear_residual_mlp_speed_centered_hidden_128_64,state_group,42,211,0.00018624197668262125,0.004276232013790975,203
linear_residual_mlp_speed_centered_hidden_128_64,state_group,42,212,0.00020372661928310848,0.00436359830723133,203
linear_residual_mlp_speed_centered_hidden_128_64,state_group,42,213,0.00038245036674866816,0.005501803130095741,203
linear_residual_mlp_speed_centered_hidden_128_64,state_group,42,214,0.00023176247810220553,0.0045420645040969015,203
linear_residual_mlp_speed_centered_hidden_128_64,state_group,42,215,0.00022011711759496323,0.004740133500026287,203
linear_residual_mlp_speed_centered_hidden_128_64,state_group,42,216,0.00020374469833726855,0.0051112956871357425,203
linear_residual_mlp_speed_centered_hidden_128_64,state_group,42,217,0.0002036245771276968,0.004377812145328406,203
linear_residual_mlp_speed_centered_hidden_128_64,state_group,42,218,0.00019956895143999736,0.004151267679527872,203
linear_residual_mlp_speed_centered_hidden_128_64,state_group,42,219,0.00019038343653564565,0.004754621702518119,203
linear_residual_mlp_speed_centered_hidden_128_64,state_group,42,220,0.00019109453761752095,0.004722682048955833,203
linear_residual_mlp_speed_centered_hidden_128_64,state_group,42,221,0.00019224746408894608,0.003910543681815025,203
linear_residual_mlp_speed_centered_hidden_128_64,state_group,42,222,0.0001784857677856025,0.004547864958377514,203
linear_residual_mlp_speed_centered_hidden_128_64,state_group,42,223,0.00019878908475304301,0.0050519507135066005,203
linear_residual_mlp_speed_centered_hidden_128_64,state_group,42,224,0.0002466058741583243,0.005560667928139348,203
linear_residual_mlp_speed_centered_hidden_128_64,state_group,42,225,0.00024296890188657975,0.004300793966364518,203
linear_residual_mlp_speed_centered_hidden_128_64,state_group,42,226,0.0002831869450454882,0.004942017879860499,203
linear_residual_mlp_speed_centered_hidden_128_64,state_group,42,227,0.00017512687207627827,0.004857747079742432,203
linear_residual_mlp_speed_centered_hidden_128_64,state_group,42,228,0.00019085944250629236,0.0040787747434752036,203
linear_residual_mlp_speed_centered_hidden_128_64,state_group,42,229,0.00016303344184672816,0.0041209753734895655,203
linear_residual_mlp_speed_centered_hidden_128_64,state_group,42,230,0.00016162173872255145,0.0038641928207149567,203
linear_residual_mlp_speed_centered_hidden_128_64,state_group,42,231,0.00016622258202169247,0.00386434927772831,203
linear_residual_mlp_speed_centered_hidden_128_64,state_group,42,232,0.0001745425309438144,0.0043373855973162945,203
linear_residual_mlp_speed_centered_hidden_128_64,state_group,42,233,0.0003095034501422553,0.005790500772751417,203
linear_residual_mlp_speed_centered_hidden_128_64,state_group,42,234,0.00036082120248298534,0.005361318447349086,203
linear_residual_mlp_speed_centered_hidden_128_64,state_group,42,235,0.0002919698343255425,0.00463862391417927,203
linear_residual_mlp_speed_centered_hidden_128_64,state_group,42,236,0.00019912391740889413,0.004802337193403909,203
linear_residual_mlp_speed_centered_hidden_128_64,state_group,42,237,0.00020372991838628048,0.005573601813154121,203
linear_residual_mlp_speed_centered_hidden_128_64,state_group,42,238,0.00024064470990650157,0.004934670328845762,203
linear_residual_mlp_speed_centered_hidden_128_64,state_group,42,239,0.00018238307989801913,0.003949836320134682,203
linear_residual_mlp_speed_centered_hidden_128_64,state_group,42,240,0.0002151253677581676,0.004129485746327595,203
linear_residual_mlp_speed_centered_hidden_128_64,state_group,42,241,0.00016990149949215196,0.004883192693790452,203
linear_residual_mlp_speed_centered_hidden_128_64,state_group,42,242,0.00022841292656235526,0.004498239324139586,203
linear_residual_mlp_speed_centered_hidden_128_64,state_group,42,243,0.00019875003811742724,0.003888698093292396,203
linear_residual_mlp_speed_centered_hidden_128_64,compressor_holdout,42,1,1.0638359785949734,0.25805792522320126,118
linear_residual_mlp_speed_centered_hidden_128_64,compressor_holdout,42,2,0.21420297350937162,0.13622129172872777,118
linear_residual_mlp_speed_centered_hidden_128_64,compressor_holdout,42,3,0.05119283440099027,0.08501024986792738,118
linear_residual_mlp_speed_centered_hidden_128_64,compressor_holdout,42,4,0.02676339021540071,0.07149166863332213,118
linear_residual_mlp_speed_centered_hidden_128_64,compressor_holdout,42,5,0.02075377392178964,0.0656204235444208,118
linear_residual_mlp_speed_centered_hidden_128_64,compressor_holdout,42,6,0.017172590209715174,0.061667855741516495,118
linear_residual_mlp_speed_centered_hidden_128_64,compressor_holdout,42,7,0.014230336004171939,0.05549338041551913,118
linear_residual_mlp_speed_centered_hidden_128_64,compressor_holdout,42,8,0.011981366214466474,0.050791652548400484,118
linear_residual_mlp_speed_centered_hidden_128_64,compressor_holdout,42,9,0.009846251106329616,0.047482024650350035,118
linear_residual_mlp_speed_centered_hidden_128_64,compressor_holdout,42,10,0.008117900619546193,0.043310800097582994,118
linear_residual_mlp_speed_centered_hidden_128_64,compressor_holdout,42,11,0.006614882998810707,0.03873913443041116,118
linear_residual_mlp_speed_centered_hidden_128_64,compressor_holdout,42,12,0.0054701746019931025,0.03848298991830071,118
linear_residual_mlp_speed_centered_hidden_128_64,compressor_holdout,42,13,0.004508729367203388,0.03423156144263667,118
linear_residual_mlp_speed_centered_hidden_128_64,compressor_holdout,42,14,0.0038552486647094398,0.03158651282767024,118
linear_residual_mlp_speed_centered_hidden_128_64,compressor_holdout,42,15,0.0033692067959057567,0.030825016240792133,118
linear_residual_mlp_speed_centered_hidden_128_64,compressor_holdout,42,16,0.0028686346314390834,0.02824334867616815,118
linear_residual_mlp_speed_centered_hidden_128_64,compressor_holdout,42,17,0.0026494209997395546,0.025913612577388407,118
linear_residual_mlp_speed_centered_hidden_128_64,compressor_holdout,42,18,0.002374226789093874,0.028324396852362356,118
linear_residual_mlp_speed_centered_hidden_128_64,compressor_holdout,42,19,0.002166767041962877,0.025145334754321666,118
linear_residual_mlp_speed_centered_hidden_128_64,compressor_holdout,42,20,0.001963193399440641,0.026136558723824203,118
linear_residual_mlp_speed_centered_hidden_128_64,compressor_holdout,42,21,0.0017364210038684107,0.02377906419795419,118
linear_residual_mlp_speed_centered_hidden_128_64,compressor_holdout,42,22,0.0015875848774344493,0.02337328361685349,118
linear_residual_mlp_speed_centered_hidden_128_64,compressor_holdout,42,23,0.0014823976835377291,0.022986195119153043,118
linear_residual_mlp_speed_centered_hidden_128_64,compressor_holdout,42,24,0.0014265694629074024,0.022279943127022472,118
linear_residual_mlp_speed_centered_hidden_128_64,compressor_holdout,42,25,0.0013592877921881105,0.02001821767691452,118
linear_residual_mlp_speed_centered_hidden_128_64,compressor_holdout,42,26,0.0013054791265537146,0.02050776577724324,118
linear_residual_mlp_speed_centered_hidden_128_64,compressor_holdout,42,27,0.0011911767433033058,0.019639780082817956,118
linear_residual_mlp_speed_centered_hidden_128_64,compressor_holdout,42,28,0.001110391386298081,0.018196343636455843,118
linear_residual_mlp_speed_centered_hidden_128_64,compressor_holdout,42,29,0.0010641991460863993,0.019781798495424434,118
linear_residual_mlp_speed_centered_hidden_128_64,compressor_holdout,42,30,0.001044346540254786,0.017498131020509712,118
linear_residual_mlp_speed_centered_hidden_128_64,compressor_holdout,42,31,0.0009992049560641992,0.018147112923538565,118
linear_residual_mlp_speed_centered_hidden_128_64,compressor_holdout,42,32,0.0009369187875638592,0.01790515079267667,118
linear_residual_mlp_speed_centered_hidden_128_64,compressor_holdout,42,33,0.0008978735462272971,0.017282464554744775,118
linear_residual_mlp_speed_centered_hidden_128_64,compressor_holdout,42,34,0.0008431642583913268,0.015887125527781182,118
linear_residual_mlp_speed_centered_hidden_128_64,compressor_holdout,42,35,0.0008187921782947761,0.017204189045193306,118
linear_residual_mlp_speed_centered_hidden_128_64,compressor_holdout,42,36,0.0008026592824707103,0.017371028174867964,118
linear_residual_mlp_speed_centered_hidden_128_64,compressor_holdout,42,37,0.0007811910548527551,0.015339310411080161,118
linear_residual_mlp_speed_centered_hidden_128_64,compressor_holdout,42,38,0.0007131771306428271,0.014668199873196102,118
linear_residual_mlp_speed_centered_hidden_128_64,compressor_holdout,42,39,0.0006982302434059247,0.015055584250859061,118
linear_residual_mlp_speed_centered_hidden_128_64,compressor_holdout,42,40,0.00078406737723122,0.015598745017027531,118
linear_residual_mlp_speed_centered_hidden_128_64,compressor_holdout,42,41,0.0007371380772773228,0.014866188491156736,118
linear_residual_mlp_speed_centered_hidden_128_64,compressor_holdout,42,42,0.0006715049884657338,0.014909056694698719,118
linear_residual_mlp_speed_centered_hidden_128_64,compressor_holdout,42,43,0.0006837550403657242,0.014577783729647253,118
linear_residual_mlp_speed_centered_hidden_128_64,compressor_holdout,42,44,0.0006342414570194765,0.014141708714832623,118
linear_residual_mlp_speed_centered_hidden_128_64,compressor_holdout,42,45,0.0006082967156544328,0.014363076378238544,118
linear_residual_mlp_speed_centered_hidden_128_64,compressor_holdout,42,46,0.000649289684995313,0.013199649845693705,118
linear_residual_mlp_speed_centered_hidden_128_64,compressor_holdout,42,47,0.0005478171911702175,0.012911118995331348,118
linear_residual_mlp_speed_centered_hidden_128_64,compressor_holdout,42,48,0.0005485988241841301,0.014045406098774721,118
linear_residual_mlp_speed_centered_hidden_128_64,compressor_holdout,42,49,0.0005325257681531116,0.012898324017205722,118
linear_residual_mlp_speed_centered_hidden_128_64,compressor_holdout,42,50,0.0005458536840300527,0.013432004932254903,118
linear_residual_mlp_speed_centered_hidden_128_64,compressor_holdout,42,51,0.0006356660943254689,0.015375758279465544,118
linear_residual_mlp_speed_centered_hidden_128_64,compressor_holdout,42,52,0.0005325355528888198,0.01285086006590272,118
linear_residual_mlp_speed_centered_hidden_128_64,compressor_holdout,42,53,0.0005184769006213513,0.014310491739285572,118
linear_residual_mlp_speed_centered_hidden_128_64,compressor_holdout,42,54,0.0004687755548017407,0.015062505727608519,118
linear_residual_mlp_speed_centered_hidden_128_64,compressor_holdout,42,55,0.0005151139601894431,0.012604539356525451,118
linear_residual_mlp_speed_centered_hidden_128_64,compressor_holdout,42,56,0.0005007781167369983,0.012709766885188684,118
linear_residual_mlp_speed_centered_hidden_128_64,compressor_holdout,42,57,0.0004931115277167056,0.011922883813754497,118
linear_residual_mlp_speed_centered_hidden_128_64,compressor_holdout,42,58,0.0005663182303316818,0.014207647224007212,118
linear_residual_mlp_speed_centered_hidden_128_64,compressor_holdout,42,59,0.00048794844988287963,0.012786281045675257,118
linear_residual_mlp_speed_centered_hidden_128_64,compressor_holdout,42,60,0.00039103415592078313,0.013414372885466434,118
linear_residual_mlp_speed_centered_hidden_128_64,compressor_holdout,42,61,0.0004607056911666065,0.012393663679191556,118
linear_residual_mlp_speed_centered_hidden_128_64,compressor_holdout,42,62,0.00046015239623758676,0.01134086156710203,118
linear_residual_mlp_speed_centered_hidden_128_64,compressor_holdout,42,63,0.0005109654649524148,0.011279172188343765,118
linear_residual_mlp_speed_centered_hidden_128_64,compressor_holdout,42,64,0.0003902231318846443,0.01276042999452474,118
linear_residual_mlp_speed_centered_hidden_128_64,compressor_holdout,42,65,0.0004932347938023493,0.013034988924447696,118
linear_residual_mlp_speed_centered_hidden_128_64,compressor_holdout,42,66,0.0004843043557342786,0.01105258901750708,118
linear_residual_mlp_speed_centered_hidden_128_64,compressor_holdout,42,67,0.0003850903997296471,0.010758022145576362,118
linear_residual_mlp_speed_centered_hidden_128_64,compressor_holdout,42,68,0.0004634512046287281,0.011628848323126925,118
linear_residual_mlp_speed_centered_hidden_128_64,compressor_holdout,42,69,0.0004174791219230133,0.01232772590245003,118
linear_residual_mlp_speed_centered_hidden_128_64,compressor_holdout,42,70,0.0004422556830024355,0.013348402438793866,118
linear_residual_mlp_speed_centered_hidden_128_64,compressor_holdout,42,71,0.00038701815973361185,0.01111712597541652,118
linear_residual_mlp_speed_centered_hidden_128_64,compressor_holdout,42,72,0.0003692895493919874,0.01310665308802083,118
linear_residual_mlp_speed_centered_hidden_128_64,compressor_holdout,42,73,0.0003457196425697604,0.011323723738705525,118
linear_residual_mlp_speed_centered_hidden_128_64,compressor_holdout,42,74,0.00038895787939762053,0.012052148689341416,118
linear_residual_mlp_speed_centered_hidden_128_64,compressor_holdout,42,75,0.00036117803600951853,0.012261354220283387,118
linear_residual_mlp_speed_centered_hidden_128_64,compressor_holdout,42,76,0.0004246168185416854,0.011058661144067259,118
linear_residual_mlp_speed_centered_hidden_128_64,compressor_holdout,42,77,0.00045255732060102747,0.010758864491600543,118
linear_residual_mlp_speed_centered_hidden_128_64,compressor_holdout,42,78,0.00035212686765671657,0.010228633725877458,118
linear_residual_mlp_speed_centered_hidden_128_64,compressor_holdout,42,79,0.00038818400536662085,0.012029220653349697,118
linear_residual_mlp_speed_centered_hidden_128_64,compressor_holdout,42,80,0.00037976288572090646,0.01110884665713218,118
linear_residual_mlp_speed_centered_hidden_128_64,compressor_holdout,42,81,0.00038841252764229724,0.0108278513841171,118
linear_residual_mlp_speed_centered_hidden_128_64,compressor_holdout,42,82,0.00036483925080035764,0.010690160706460323,118
linear_residual_mlp_speed_centered_hidden_128_64,compressor_holdout,42,83,0.0003818934432054993,0.012881460266099574,118
linear_residual_mlp_speed_centered_hidden_128_64,compressor_holdout,42,84,0.00036338852378812515,0.011595183072244247,118
linear_residual_mlp_speed_centered_hidden_128_64,compressor_holdout,42,85,0.0003809588020176242,0.009980877318111493,118
linear_residual_mlp_speed_centered_hidden_128_64,compressor_holdout,42,86,0.00039979533832396963,0.011087341416639227,118
linear_residual_mlp_speed_centered_hidden_128_64,compressor_holdout,42,87,0.00040817537957234343,0.010599374099903518,118
linear_residual_mlp_speed_centered_hidden_128_64,compressor_holdout,42,88,0.0005718413201820926,0.011067727598456253,118
linear_residual_mlp_speed_centered_hidden_128_64,compressor_holdout,42,89,0.00029598873961706796,0.011426344528491178,118
linear_residual_mlp_speed_centered_hidden_128_64,compressor_holdout,42,90,0.0002933019653172072,0.013037434726633167,118
linear_residual_mlp_speed_centered_hidden_128_64,compressor_holdout,42,91,0.00036426345987234954,0.012249850431834852,118
linear_residual_mlp_speed_centered_hidden_128_64,compressor_holdout,42,92,0.0004670158954828819,0.013264366193832526,118
linear_residual_mlp_speed_centered_hidden_128_64,compressor_holdout,42,93,0.0003816087666633664,0.010354122671966996,118
linear_residual_mlp_speed_centered_hidden_128_64,compressor_holdout,42,94,0.0002955466964916373,0.011486299276503704,118
linear_residual_mlp_speed_centered_hidden_128_64,compressor_holdout,42,95,0.00030037409731563375,0.010360891147888442,118
linear_residual_mlp_speed_centered_hidden_128_64,compressor_holdout,42,96,0.0002586536137701917,0.011189175594563325,118
linear_residual_mlp_speed_centered_hidden_128_64,compressor_holdout,42,97,0.00029433255204181494,0.011357188377684969,118
linear_residual_mlp_speed_centered_hidden_128_64,compressor_holdout,42,98,0.0003398217992455797,0.010196294211586287,118
linear_residual_mlp_speed_centered_hidden_128_64,compressor_holdout,42,99,0.00033526657982838097,0.011200428777215117,118
linear_residual_mlp_speed_centered_hidden_128_64,compressor_holdout,42,100,0.0003312254149738267,0.010220827243201936,118
linear_residual_mlp_speed_centered_hidden_128_64,compressor_holdout,42,101,0.00039917989798031526,0.01432666929029034,118
linear_residual_mlp_speed_centered_hidden_128_64,compressor_holdout,42,102,0.0004075349303987906,0.010459292103018306,118
linear_residual_mlp_speed_centered_hidden_128_64,compressor_holdout,42,103,0.0005529693977617342,0.012598271850926048,118
linear_residual_mlp_speed_centered_hidden_128_64,compressor_holdout,42,104,0.000336262038705894,0.01175302582273389,118
linear_residual_mlp_speed_centered_hidden_128_64,compressor_holdout,42,105,0.0002752711797174684,0.011123628103140232,118
linear_residual_mlp_speed_centered_hidden_128_64,compressor_holdout,42,106,0.00026308127740523856,0.009920988435801994,118
linear_residual_mlp_speed_centered_hidden_128_64,compressor_holdout,42,107,0.00024940117835716634,0.010567249816416838,118
linear_residual_mlp_speed_centered_hidden_128_64,compressor_holdout,42,108,0.00028584745055221234,0.011571622509425904,118
linear_residual_mlp_speed_centered_hidden_128_64,compressor_holdout,42,109,0.0002528625741777761,0.011929578070216095,118
linear_residual_mlp_speed_centered_hidden_128_64,compressor_holdout,42,110,0.00027673006562788094,0.01117655502258281,118
linear_residual_mlp_speed_centered_hidden_128_64,compressor_holdout,42,111,0.0002926405214005693,0.010021788772532809,118
linear_residual_mlp_speed_centered_hidden_128_64,compressor_holdout,42,112,0.00029826289410277704,0.011058542524882305,118
linear_residual_mlp_speed_centered_hidden_128_64,compressor_holdout,42,113,0.00035967314363818763,0.010158973562133144,118
linear_residual_mlp_speed_centered_hidden_128_64,compressor_holdout,42,114,0.00029537779091907756,0.009941408843473595,118
linear_residual_mlp_speed_centered_hidden_128_64,compressor_holdout,42,115,0.00027620469005134836,0.011014412407191188,118
linear_residual_mlp_speed_centered_hidden_128_64,compressor_holdout,42,116,0.00029762943205998815,0.009808909979227906,118
linear_residual_mlp_speed_centered_hidden_128_64,compressor_holdout,42,117,0.00027105604853345247,0.010824944226311094,118
linear_residual_mlp_speed_centered_hidden_128_64,compressor_holdout,42,118,0.0002349264486834573,0.009607550279193477,118
linear_residual_mlp_speed_centered_hidden_128_64,compressor_holdout,42,119,0.00025259339866518746,0.00972588953872177,118
linear_residual_mlp_speed_centered_hidden_128_64,compressor_holdout,42,120,0.0002632112714052284,0.011430858220517398,118
linear_residual_mlp_speed_centered_hidden_128_64,compressor_holdout,42,121,0.0002494477468277938,0.011249320294777362,118
linear_residual_mlp_speed_centered_hidden_128_64,compressor_holdout,42,122,0.00030458572036263446,0.011046581528624567,118
linear_residual_mlp_speed_centered_hidden_128_64,compressor_holdout,42,123,0.00031400406148773146,0.01161723913185088,118
linear_residual_mlp_speed_centered_hidden_128_64,compressor_holdout,42,124,0.00034129861055827513,0.010124334584104631,118
linear_residual_mlp_speed_centered_hidden_128_64,compressor_holdout,42,125,0.00030860275372489857,0.011599352705893677,118
linear_residual_mlp_speed_centered_hidden_128_64,compressor_holdout,42,126,0.0002367575702829508,0.010338831415968648,118
linear_residual_mlp_speed_centered_hidden_128_64,compressor_holdout,42,127,0.00033951850770662037,0.011978151283643521,118
linear_residual_mlp_speed_centered_hidden_128_64,compressor_holdout,42,128,0.0002548099674910776,0.010652899312605348,118
linear_residual_mlp_speed_centered_hidden_128_64,compressor_holdout,42,129,0.00022847416813069656,0.011718517530269784,118
linear_residual_mlp_speed_centered_hidden_128_64,compressor_holdout,42,130,0.0002517650584475352,0.010113229515249667,118
linear_residual_mlp_speed_centered_hidden_128_64,compressor_holdout,42,131,0.00023539508946706581,0.011869054658526116,118
linear_residual_mlp_speed_centered_hidden_128_64,compressor_holdout,42,132,0.0002860441535742546,0.010394910942753754,118
linear_residual_mlp_speed_centered_hidden_128_64,compressor_holdout,42,133,0.00025866169027122325,0.010659949169530999,118
linear_residual_mlp_speed_centered_hidden_128_64,compressor_holdout,42,134,0.00028549840794951935,0.010965537223027743,118
linear_residual_mlp_speed_centered_hidden_128_64,compressor_holdout,42,135,0.0003067032855806093,0.013179988676131812,118
linear_residual_mlp_speed_centered_hidden_128_64,compressor_holdout,42,136,0.0003208441977529525,0.012232980472303989,118
linear_residual_mlp_speed_centered_hidden_128_64,compressor_holdout,42,137,0.00032658941717141293,0.009799419983728526,118
linear_residual_mlp_speed_centered_hidden_128_64,compressor_holdout,42,138,0.0003210361614130819,0.00986132323397346,118
linear_residual_mlp_speed_centered_hidden_128_64,compressor_holdout,42,139,0.00036878095499187635,0.009729380051384408,118
linear_residual_mlp_speed_centered_hidden_128_64,compressor_holdout,42,140,0.0002266049658890704,0.010522427893205667,118
linear_residual_mlp_speed_centered_hidden_128_64,compressor_holdout,42,141,0.00027727295422659304,0.010254844324930689,118
linear_residual_mlp_speed_centered_hidden_128_64,compressor_holdout,42,142,0.000295414294757903,0.012234609130585411,118
linear_residual_mlp_speed_centered_hidden_128_64,compressor_holdout,42,143,0.00035684274449533486,0.010980270799655766,118
linear_residual_mlp_speed_centered_hidden_128_64,compressor_holdout,42,144,0.0003001224708152022,0.013157693398644175,118
linear_residual_mlp_speed_centered_hidden_128_64,compressor_holdout,42,145,0.00026116280788605005,0.010136598641846867,118
linear_residual_mlp_speed_centered_hidden_128_64,compressor_holdout,42,146,0.00030694523618892626,0.010583007174417848,118
linear_residual_mlp_speed_centered_hidden_128_64,compressor_holdout,42,147,0.00032048067467501523,0.009619770082070732,118
linear_residual_mlp_speed_centered_hidden_128_64,compressor_holdout,42,148,0.00022435848554834136,0.010683063652104604,118
linear_residual_mlp_speed_centered_hidden_128_64,compressor_holdout,42,149,0.00021014126658168122,0.010840502357157621,118
linear_residual_mlp_speed_centered_hidden_128_64,compressor_holdout,42,150,0.00020146451825841955,0.011655519868043586,118
linear_residual_mlp_speed_centered_hidden_128_64,compressor_holdout,42,151,0.0002045298977362348,0.01033708718975301,118
linear_residual_mlp_speed_centered_hidden_128_64,compressor_holdout,42,152,0.00024031780234776625,0.0096431680941987,118
linear_residual_mlp_speed_centered_hidden_128_64,compressor_holdout,42,153,0.0002212048851072057,0.009898287140346313,118
linear_residual_mlp_speed_centered_hidden_128_64,compressor_holdout,42,154,0.00039382092938644857,0.009941271715281856,118
linear_residual_mlp_speed_centered_hidden_128_64,compressor_holdout,42,155,0.0002720656939205343,0.009676429580152749,118
linear_residual_mlp_speed_centered_hidden_128_64,compressor_holdout,42,156,0.00022685780898664573,0.010615343065686247,118
linear_residual_mlp_speed_centered_hidden_128_64,compressor_holdout,42,157,0.00023792145085833232,0.010973431978386614,118
linear_residual_mlp_speed_centered_hidden_128_64,compressor_holdout,42,158,0.00019719619574715952,0.010197792446384284,118
linear_residual_mlp_speed_centered_hidden_128_64,turbine_holdout,42,1,1.292566814843346,0.32937847348012594,226
linear_residual_mlp_speed_centered_hidden_128_64,turbine_holdout,42,2,0.49542773490637737,0.2059074559783302,226
linear_residual_mlp_speed_centered_hidden_128_64,turbine_holdout,42,3,0.25055238721417444,0.13719953048450662,226
linear_residual_mlp_speed_centered_hidden_128_64,turbine_holdout,42,4,0.10112617608800953,0.1002016102828029,226
linear_residual_mlp_speed_centered_hidden_128_64,turbine_holdout,42,5,0.05447810950784382,0.07830622859583417,226
linear_residual_mlp_speed_centered_hidden_128_64,turbine_holdout,42,6,0.03786378294586616,0.0703318964302912,226
linear_residual_mlp_speed_centered_hidden_128_64,turbine_holdout,42,7,0.028186263622054605,0.0651108900836142,226
linear_residual_mlp_speed_centered_hidden_128_64,turbine_holdout,42,8,0.022091443045774966,0.060685336226284164,226
linear_residual_mlp_speed_centered_hidden_128_64,turbine_holdout,42,9,0.01782622415986326,0.05557259999743516,226
linear_residual_mlp_speed_centered_hidden_128_64,turbine_holdout,42,10,0.014604991845672946,0.05406175841092173,226
linear_residual_mlp_speed_centered_hidden_128_64,turbine_holdout,42,11,0.012155915095119825,0.05159406626978595,226
linear_residual_mlp_speed_centered_hidden_128_64,turbine_holdout,42,12,0.010935479945509263,0.048216990061218046,226
linear_residual_mlp_speed_centered_hidden_128_64,turbine_holdout,42,13,0.00930510249094376,0.04605924851871325,226
linear_residual_mlp_speed_centered_hidden_128_64,turbine_holdout,42,14,0.008060911241188353,0.04569798314626809,226
linear_residual_mlp_speed_centered_hidden_128_64,turbine_holdout,42,15,0.007143358979982878,0.0419069983997109,226
linear_residual_mlp_speed_centered_hidden_128_64,turbine_holdout,42,16,0.006390428267955001,0.04246629740772327,226
linear_residual_mlp_speed_centered_hidden_128_64,turbine_holdout,42,17,0.005586681337641605,0.04069595150913198,226
linear_residual_mlp_speed_centered_hidden_128_64,turbine_holdout,42,18,0.005073111046771143,0.038719656803213154,226
linear_residual_mlp_speed_centered_hidden_128_64,turbine_holdout,42,19,0.004670225194409847,0.03905189490521055,226
linear_residual_mlp_speed_centered_hidden_128_64,turbine_holdout,42,20,0.004282902624896344,0.03931323333733379,226
linear_residual_mlp_speed_centered_hidden_128_64,turbine_holdout,42,21,0.003897169462865734,0.03734112799341098,226
linear_residual_mlp_speed_centered_hidden_128_64,turbine_holdout,42,22,0.0036146814238953696,0.037104465002509496,226
linear_residual_mlp_speed_centered_hidden_128_64,turbine_holdout,42,23,0.00325830324049755,0.03499848044015496,226
linear_residual_mlp_speed_centered_hidden_128_64,turbine_holdout,42,24,0.0031578146668926107,0.03482699460636818,226
linear_residual_mlp_speed_centered_hidden_128_64,turbine_holdout,42,25,0.0029510079182010784,0.03385517890022015,226
linear_residual_mlp_speed_centered_hidden_128_64,turbine_holdout,42,26,0.0027637313868777423,0.03385418643234578,226
linear_residual_mlp_speed_centered_hidden_128_64,turbine_holdout,42,27,0.0028451654054670876,0.03621677394440204,226
linear_residual_mlp_speed_centered_hidden_128_64,turbine_holdout,42,28,0.0030348309628210946,0.03241672251784949,226
linear_residual_mlp_speed_centered_hidden_128_64,turbine_holdout,42,29,0.0024743078150715444,0.03307900467409701,226
linear_residual_mlp_speed_centered_hidden_128_64,turbine_holdout,42,30,0.002314219927447716,0.030922752876032463,226
linear_residual_mlp_speed_centered_hidden_128_64,turbine_holdout,42,31,0.0020753692060481747,0.03155687766538557,226
linear_residual_mlp_speed_centered_hidden_128_64,turbine_holdout,42,32,0.0021128222419350756,0.031041896243721508,226
linear_residual_mlp_speed_centered_hidden_128_64,turbine_holdout,42,33,0.001950836907575122,0.03016227715978543,226
linear_residual_mlp_speed_centered_hidden_128_64,turbine_holdout,42,34,0.0019510392975143293,0.029453440277300236,226
linear_residual_mlp_speed_centered_hidden_128_64,turbine_holdout,42,35,0.001776269634258335,0.029975964931307567,226
linear_residual_mlp_speed_centered_hidden_128_64,turbine_holdout,42,36,0.001683967087817559,0.02867009121244604,226
linear_residual_mlp_speed_centered_hidden_128_64,turbine_holdout,42,37,0.001628454239462748,0.029162696479513826,226
linear_residual_mlp_speed_centered_hidden_128_64,turbine_holdout,42,38,0.0015773324471896348,0.02756784958699931,226
linear_residual_mlp_speed_centered_hidden_128_64,turbine_holdout,42,39,0.001434116520054541,0.027679970089190882,226
linear_residual_mlp_speed_centered_hidden_128_64,turbine_holdout,42,40,0.0014582984461418652,0.02813356091690284,226
linear_residual_mlp_speed_centered_hidden_128_64,turbine_holdout,42,41,0.0014486366128122884,0.0269903219580332,226
linear_residual_mlp_speed_centered_hidden_128_64,turbine_holdout,42,42,0.0013216005428744915,0.026562715376390836,226
linear_residual_mlp_speed_centered_hidden_128_64,turbine_holdout,42,43,0.0013490979210219968,0.027768634397775604,226
linear_residual_mlp_speed_centered_hidden_128_64,turbine_holdout,42,44,0.0013703209315558535,0.02598552997037145,226
linear_residual_mlp_speed_centered_hidden_128_64,turbine_holdout,42,45,0.0011977109125224886,0.025631123017980754,226
linear_residual_mlp_speed_centered_hidden_128_64,turbine_holdout,42,46,0.001247602349810692,0.02542485469469164,226
linear_residual_mlp_speed_centered_hidden_128_64,turbine_holdout,42,47,0.0011529161545096984,0.025303430060834423,226
linear_residual_mlp_speed_centered_hidden_128_64,turbine_holdout,42,48,0.0011366356634950846,0.025735840771372573,226
linear_residual_mlp_speed_centered_hidden_128_64,turbine_holdout,42,49,0.0011467492204841252,0.024623371508596597,226
linear_residual_mlp_speed_centered_hidden_128_64,turbine_holdout,42,50,0.0010636933981075737,0.023807313511384022,226
linear_residual_mlp_speed_centered_hidden_128_64,turbine_holdout,42,51,0.0010474659796714913,0.02473694511186929,226
linear_residual_mlp_speed_centered_hidden_128_64,turbine_holdout,42,52,0.001075729586093733,0.024316392691161606,226
linear_residual_mlp_speed_centered_hidden_128_64,turbine_holdout,42,53,0.0010321600238887962,0.023930320479908188,226
linear_residual_mlp_speed_centered_hidden_128_64,turbine_holdout,42,54,0.001077479378382162,0.023631544471723054,226
linear_residual_mlp_speed_centered_hidden_128_64,turbine_holdout,42,55,0.0009891013531136065,0.02380317190110991,226
linear_residual_mlp_speed_centered_hidden_128_64,turbine_holdout,42,56,0.0009773855679922115,0.023163476539347926,226
linear_residual_mlp_speed_centered_hidden_128_64,turbine_holdout,42,57,0.001140985056841117,0.02325507374120322,226
linear_residual_mlp_speed_centered_hidden_128_64,turbine_holdout,42,58,0.0009643103235476287,0.022802195939018756,226
linear_residual_mlp_speed_centered_hidden_128_64,turbine_holdout,42,59,0.0009470746961771257,0.02273308593950283,226
linear_residual_mlp_speed_centered_hidden_128_64,turbine_holdout,42,60,0.000851823420269914,0.023212509754211536,226
linear_residual_mlp_speed_centered_hidden_128_64,turbine_holdout,42,61,0.0008895454936141395,0.023098544372663808,226
linear_residual_mlp_speed_centered_hidden_128_64,turbine_holdout,42,62,0.0010246799358122115,0.023191813337437688,226
linear_residual_mlp_speed_centered_hidden_128_64,turbine_holdout,42,63,0.000934903013057325,0.022019877371129107,226
linear_residual_mlp_speed_centered_hidden_128_64,turbine_holdout,42,64,0.0009049180702839964,0.0220645470868284,226
linear_residual_mlp_speed_centered_hidden_128_64,turbine_holdout,42,65,0.000977984461415973,0.02259938359937557,226
linear_residual_mlp_speed_centered_hidden_128_64,turbine_holdout,42,66,0.0008253888644263847,0.021492229751662716,226
linear_residual_mlp_speed_centered_hidden_128_64,turbine_holdout,42,67,0.0008826063467039522,0.02292718326285738,226
linear_residual_mlp_speed_centered_hidden_128_64,turbine_holdout,42,68,0.0008214856404100985,0.021791910346836082,226
linear_residual_mlp_speed_centered_hidden_128_64,turbine_holdout,42,69,0.0008102057063911508,0.021700502937563624,226
linear_residual_mlp_speed_centered_hidden_128_64,turbine_holdout,42,70,0.0007349162121315553,0.02188072893370019,226
linear_residual_mlp_speed_centered_hidden_128_64,turbine_holdout,42,71,0.0008259573484687764,0.021451914960555395,226
linear_residual_mlp_speed_centered_hidden_128_64,turbine_holdout,42,72,0.0007533312712802119,0.021281327407169953,226
linear_residual_mlp_speed_centered_hidden_128_64,turbine_holdout,42,73,0.00081910297030092,0.02115322099118424,226
linear_residual_mlp_speed_centered_hidden_128_64,turbine_holdout,42,74,0.0007645979434635271,0.02108953900930139,226
linear_residual_mlp_speed_centered_hidden_128_64,turbine_holdout,42,75,0.0008297455713938118,0.020880942714022584,226
linear_residual_mlp_speed_centered_hidden_128_64,turbine_holdout,42,76,0.0007134046517657461,0.020737448116584737,226
linear_residual_mlp_speed_centered_hidden_128_64,turbine_holdout,42,77,0.0007292001502089251,0.021189558699069307,226
linear_residual_mlp_speed_centered_hidden_128_64,turbine_holdout,42,78,0.0007491105166111702,0.021096920091420272,226
linear_residual_mlp_speed_centered_hidden_128_64,turbine_holdout,42,79,0.0006968857498442823,0.02048024621191646,226
linear_residual_mlp_speed_centered_hidden_128_64,turbine_holdout,42,80,0.0007080085592573683,0.020866616405546455,226
linear_residual_mlp_speed_centered_hidden_128_64,turbine_holdout,42,81,0.0006908656323423979,0.02162947509811561,226
linear_residual_mlp_speed_centered_hidden_128_64,turbine_holdout,42,82,0.0007483631741227115,0.020945952946930826,226
linear_residual_mlp_speed_centered_hidden_128_64,turbine_holdout,42,83,0.0007675535725033994,0.020361392116651632,226
linear_residual_mlp_speed_centered_hidden_128_64,turbine_holdout,42,84,0.0006766255273106294,0.019767727655873535,226
linear_residual_mlp_speed_centered_hidden_128_64,turbine_holdout,42,85,0.0007381178612398767,0.021472496492080603,226
linear_residual_mlp_speed_centered_hidden_128_64,turbine_holdout,42,86,0.0007319207956825742,0.021063082227185823,226
linear_residual_mlp_speed_centered_hidden_128_64,turbine_holdout,42,87,0.0006470880370986828,0.020834615695986658,226
linear_residual_mlp_speed_centered_hidden_128_64,turbine_holdout,42,88,0.0006936103894835854,0.019807424241831618,226
linear_residual_mlp_speed_centered_hidden_128_64,turbine_holdout,42,89,0.0007174189070854458,0.019948999141775864,226
linear_residual_mlp_speed_centered_hidden_128_64,turbine_holdout,42,90,0.0007180898378791859,0.020716219329957673,226
linear_residual_mlp_speed_centered_hidden_128_64,turbine_holdout,42,91,0.0007128809987818964,0.020691296556810727,226
linear_residual_mlp_speed_centered_hidden_128_64,turbine_holdout,42,92,0.0006354909957323653,0.01965285302866835,226
linear_residual_mlp_speed_centered_hidden_128_64,turbine_holdout,42,93,0.0005902933699437995,0.019686045993246505,226
linear_residual_mlp_speed_centered_hidden_128_64,turbine_holdout,42,94,0.000834252429651279,0.01995290212820714,226
linear_residual_mlp_speed_centered_hidden_128_64,turbine_holdout,42,95,0.0007143638305739379,0.02055571688212701,226
linear_residual_mlp_speed_centered_hidden_128_64,turbine_holdout,42,96,0.000716947625651915,0.019088198969711367,226
linear_residual_mlp_speed_centered_hidden_128_64,turbine_holdout,42,97,0.0008172878057367223,0.020026887281184007,226
linear_residual_mlp_speed_centered_hidden_128_64,turbine_holdout,42,98,0.0005438937425150785,0.020130292335947025,226
linear_residual_mlp_speed_centered_hidden_128_64,turbine_holdout,42,99,0.0005533686512624662,0.019215316762905166,226
linear_residual_mlp_speed_centered_hidden_128_64,turbine_holdout,42,100,0.000554931764036908,0.019815922354408426,226
linear_residual_mlp_speed_centered_hidden_128_64,turbine_holdout,42,101,0.0006256206978157097,0.019247121334479835,226
linear_residual_mlp_speed_centered_hidden_128_64,turbine_holdout,42,102,0.0005128975099861654,0.019859060912700822,226
linear_residual_mlp_speed_centered_hidden_128_64,turbine_holdout,42,103,0.0004875473184805274,0.019712257030152967,226
linear_residual_mlp_speed_centered_hidden_128_64,turbine_holdout,42,104,0.0006648624787098994,0.018694465907078833,226
linear_residual_mlp_speed_centered_hidden_128_64,turbine_holdout,42,105,0.0006703432173313967,0.019435559577173557,226
linear_residual_mlp_speed_centered_hidden_128_64,turbine_holdout,42,106,0.0005583749411420689,0.019466803405302425,226
linear_residual_mlp_speed_centered_hidden_128_64,turbine_holdout,42,107,0.000540972710764624,0.019506401405974223,226
linear_residual_mlp_speed_centered_hidden_128_64,turbine_holdout,42,108,0.0004925061587177314,0.019357280901752955,226
linear_residual_mlp_speed_centered_hidden_128_64,turbine_holdout,42,109,0.0006949275315836608,0.018166629525915003,226
linear_residual_mlp_speed_centered_hidden_128_64,turbine_holdout,42,110,0.0006618312873125831,0.019498682056591596,226
linear_residual_mlp_speed_centered_hidden_128_64,turbine_holdout,42,111,0.0004722340686692124,0.02015082662965687,226
linear_residual_mlp_speed_centered_hidden_128_64,turbine_holdout,42,112,0.0005435357633714356,0.018759551669425598,226
linear_residual_mlp_speed_centered_hidden_128_64,turbine_holdout,42,113,0.0005032945240311089,0.01917040129060619,226
linear_residual_mlp_speed_centered_hidden_128_64,turbine_holdout,42,114,0.0005230117279301703,0.018410862856010728,226
linear_residual_mlp_speed_centered_hidden_128_64,turbine_holdout,42,115,0.0005596208070736573,0.018675411420014262,226
linear_residual_mlp_speed_centered_hidden_128_64,turbine_holdout,42,116,0.0005197111610526094,0.019002953766768547,226
linear_residual_mlp_speed_centered_hidden_128_64,turbine_holdout,42,117,0.0004893801332180528,0.019092057592358984,226
linear_residual_mlp_speed_centered_hidden_128_64,turbine_holdout,42,118,0.0004800609926731693,0.019345215238649762,226
linear_residual_mlp_speed_centered_hidden_128_64,turbine_holdout,42,119,0.0007943106808370966,0.021502288552402785,226
linear_residual_mlp_speed_centered_hidden_128_64,turbine_holdout,42,120,0.0010903380828461162,0.01897538810684677,226
linear_residual_mlp_speed_centered_hidden_128_64,turbine_holdout,42,121,0.0006162877819015926,0.019027522548289013,226
linear_residual_mlp_speed_centered_hidden_128_64,turbine_holdout,42,122,0.0006355910170376951,0.01889731366092843,226
linear_residual_mlp_speed_centered_hidden_128_64,turbine_holdout,42,123,0.00045217571106449193,0.018767711233826513,226
linear_residual_mlp_speed_centered_hidden_128_64,turbine_holdout,42,124,0.0005106419752999199,0.01926550434840366,226
linear_residual_mlp_speed_centered_hidden_128_64,turbine_holdout,42,125,0.0005667327434252664,0.020128665840361035,226
linear_residual_mlp_speed_centered_hidden_128_64,turbine_holdout,42,126,0.000608432916127965,0.01925138945280589,226
linear_residual_mlp_speed_centered_hidden_128_64,turbine_holdout,42,127,0.00045148817884983305,0.01864933915407708,226
linear_residual_mlp_speed_centered_hidden_128_64,turbine_holdout,42,128,0.0005172633828213824,0.019479533817889604,226
linear_residual_mlp_speed_centered_hidden_128_64,turbine_holdout,42,129,0.0005775856456266866,0.018808231187886746,226
linear_residual_mlp_speed_centered_hidden_128_64,turbine_holdout,42,130,0.0004699674215825165,0.018665157770293227,226
linear_residual_mlp_speed_centered_hidden_128_64,turbine_holdout,42,131,0.00042287661628807795,0.018598959450406415,226
linear_residual_mlp_speed_centered_hidden_128_64,turbine_holdout,42,132,0.00043690499298229877,0.017930476165247736,226
linear_residual_mlp_speed_centered_hidden_128_64,turbine_holdout,42,133,0.0004559138269581647,0.018150610700008004,226
linear_residual_mlp_speed_centered_hidden_128_64,turbine_holdout,42,134,0.0006548502727985901,0.01943546304475252,226
linear_residual_mlp_speed_centered_hidden_128_64,turbine_holdout,42,135,0.0007369475246306655,0.0188647010632923,226
linear_residual_mlp_speed_centered_hidden_128_64,turbine_holdout,42,136,0.0005655588675620063,0.018898230231996112,226
linear_residual_mlp_speed_centered_hidden_128_64,turbine_holdout,42,137,0.0004955036211850159,0.018255410766175997,226
linear_residual_mlp_speed_centered_hidden_128_64,turbine_holdout,42,138,0.0005130008514108205,0.01869845385426972,226
linear_residual_mlp_speed_centered_hidden_128_64,turbine_holdout,42,139,0.000538206119156262,0.017700539534226924,226
linear_residual_mlp_speed_centered_hidden_128_64,turbine_holdout,42,140,0.0006483636250159417,0.018074004115107803,226
linear_residual_mlp_speed_centered_hidden_128_64,turbine_holdout,42,141,0.0006080294472534688,0.017982729624834846,226
linear_residual_mlp_speed_centered_hidden_128_64,turbine_holdout,42,142,0.0005216049893392952,0.018035665368022643,226
linear_residual_mlp_speed_centered_hidden_128_64,turbine_holdout,42,143,0.0004100395046470764,0.018385582967755644,226
linear_residual_mlp_speed_centered_hidden_128_64,turbine_holdout,42,144,0.00048141680533078565,0.01908747034002808,226
linear_residual_mlp_speed_centered_hidden_128_64,turbine_holdout,42,145,0.000481757549490386,0.018130880354268304,226
linear_residual_mlp_speed_centered_hidden_128_64,turbine_holdout,42,146,0.0005395936892288768,0.018366709829739584,226
linear_residual_mlp_speed_centered_hidden_128_64,turbine_holdout,42,147,0.0005141639488384996,0.0179215278153247,226
linear_residual_mlp_speed_centered_hidden_128_64,turbine_holdout,42,148,0.0004901224868407591,0.017975859694532127,226
linear_residual_mlp_speed_centered_hidden_128_64,turbine_holdout,42,149,0.00041085432972434363,0.017924429842582426,226
linear_residual_mlp_speed_centered_hidden_128_64,turbine_holdout,42,150,0.00046376033885453164,0.017444951876282,226
linear_residual_mlp_speed_centered_hidden_128_64,turbine_holdout,42,151,0.0005127594700744598,0.018694675899361274,226
linear_residual_mlp_speed_centered_hidden_128_64,turbine_holdout,42,152,0.0003667271655831031,0.01895706826948618,226
linear_residual_mlp_speed_centered_hidden_128_64,turbine_holdout,42,153,0.0004708641628462878,0.0186677904395648,226
linear_residual_mlp_speed_centered_hidden_128_64,turbine_holdout,42,154,0.0005168174610327126,0.018196833013960193,226
linear_residual_mlp_speed_centered_hidden_128_64,turbine_holdout,42,155,0.0004700199331355754,0.01769310474064965,226
linear_residual_mlp_speed_centered_hidden_128_64,turbine_holdout,42,156,0.0004539075470504134,0.018633288370336877,226
linear_residual_mlp_speed_centered_hidden_128_64,turbine_holdout,42,157,0.0005554748616766687,0.018385743290721956,226
linear_residual_mlp_speed_centered_hidden_128_64,turbine_holdout,42,158,0.0005272477444196383,0.018322980812271527,226
linear_residual_mlp_speed_centered_hidden_128_64,turbine_holdout,42,159,0.0005681165774917932,0.018015181988872073,226
linear_residual_mlp_speed_centered_hidden_128_64,turbine_holdout,42,160,0.0004914662438548274,0.018449109805299693,226
linear_residual_mlp_speed_centered_hidden_128_64,turbine_holdout,42,161,0.000537348707502785,0.019297823073204257,226
linear_residual_mlp_speed_centered_hidden_128_64,turbine_holdout,42,162,0.00044649691536032427,0.018106821118053763,226
linear_residual_mlp_speed_centered_hidden_128_64,turbine_holdout,42,163,0.0004983504031671207,0.018229765102729154,226
linear_residual_mlp_speed_centered_hidden_128_64,turbine_holdout,42,164,0.0005942547255325535,0.01748347273243938,226
linear_residual_mlp_speed_centered_hidden_128_64,turbine_holdout,42,165,0.0005069483483204119,0.017367654520995146,226
linear_residual_mlp_speed_centered_hidden_128_64,turbine_holdout,42,166,0.0005025616363817034,0.017856301900755794,226
linear_residual_mlp_speed_centered_hidden_128_64,turbine_holdout,42,167,0.0006976972627281039,0.01832552970962389,226
linear_residual_mlp_speed_centered_hidden_128_64,turbine_holdout,42,168,0.0004401032978766202,0.017852564240481962,226
linear_residual_mlp_speed_centered_hidden_128_64,turbine_holdout,42,169,0.00036591035909930444,0.017592719059229225,226
linear_residual_mlp_speed_centered_hidden_128_64,turbine_holdout,42,170,0.0004724927019827019,0.01758077227199244,226
linear_residual_mlp_speed_centered_hidden_128_64,turbine_holdout,42,171,0.0004979123822124249,0.017811705505334827,226
linear_residual_mlp_speed_centered_hidden_128_64,turbine_holdout,42,172,0.0005178330729290445,0.017712629128613214,226
linear_residual_mlp_speed_centered_hidden_128_64,turbine_holdout,42,173,0.00044726259205723687,0.01831581131151578,226
linear_residual_mlp_speed_centered_hidden_128_64,turbine_holdout,42,174,0.0004380070398945142,0.017360812627880185,226
linear_residual_mlp_speed_centered_hidden_128_64,turbine_holdout,42,175,0.0003810838325337704,0.017790480492765888,226
linear_residual_mlp_speed_centered_hidden_128_64,turbine_holdout,42,176,0.00039014369288656233,0.01814981066829712,226
linear_residual_mlp_speed_centered_hidden_128_64,turbine_holdout,42,177,0.00035832931554149875,0.017424117965462553,226
linear_residual_mlp_speed_centered_hidden_128_64,turbine_holdout,42,178,0.0003447114190818186,0.017778929385353096,226
linear_residual_mlp_speed_centered_hidden_128_64,turbine_holdout,42,179,0.0006140567941087945,0.016849329290605196,226
linear_residual_mlp_speed_centered_hidden_128_64,turbine_holdout,42,180,0.0005585575733214114,0.01864671425256933,226
linear_residual_mlp_speed_centered_hidden_128_64,turbine_holdout,42,181,0.0003932101555901107,0.0171195112115232,226
linear_residual_mlp_speed_centered_hidden_128_64,turbine_holdout,42,182,0.0004099582476401397,0.018156097169237835,226
linear_residual_mlp_speed_centered_hidden_128_64,turbine_holdout,42,183,0.0005944544062158397,0.018188355361523103,226
linear_residual_mlp_speed_centered_hidden_128_64,turbine_holdout,42,184,0.0004094079745429201,0.017640096544290787,226
linear_residual_mlp_speed_centered_hidden_128_64,turbine_holdout,42,185,0.00033354260057083095,0.01703781319373425,226
linear_residual_mlp_speed_centered_hidden_128_64,turbine_holdout,42,186,0.0005008094985401237,0.017012330066574075,226
linear_residual_mlp_speed_centered_hidden_128_64,turbine_holdout,42,187,0.00041877211880371023,0.017511189456851567,226
linear_residual_mlp_speed_centered_hidden_128_64,turbine_holdout,42,188,0.00039530662921955303,0.017893129836210074,226
linear_residual_mlp_speed_centered_hidden_128_64,turbine_holdout,42,189,0.0004800523766078063,0.018047972435576053,226
linear_residual_mlp_speed_centered_hidden_128_64,turbine_holdout,42,190,0.0003581748734971951,0.017024250472706354,226
linear_residual_mlp_speed_centered_hidden_128_64,turbine_holdout,42,191,0.0003842840987979992,0.01727321285349018,226
linear_residual_mlp_speed_centered_hidden_128_64,turbine_holdout,42,192,0.0004383672366359054,0.017341956862962797,226
linear_residual_mlp_speed_centered_hidden_128_64,turbine_holdout,42,193,0.0005631590979062183,0.017125422635299772,226
linear_residual_mlp_speed_centered_hidden_128_64,turbine_holdout,42,194,0.00043248154719061906,0.017224726754820688,226
linear_residual_mlp_speed_centered_hidden_128_64,turbine_holdout,42,195,0.00042567632025643405,0.01785301791387358,226
linear_residual_mlp_speed_centered_hidden_128_64,turbine_holdout,42,196,0.0003881515105826119,0.017719711243796617,226
linear_residual_mlp_speed_centered_hidden_128_64,turbine_holdout,42,197,0.0003337021423797965,0.017355578234530787,226
linear_residual_mlp_speed_centered_hidden_128_64,turbine_holdout,42,198,0.0003391854848113106,0.0171177792365607,226
linear_residual_mlp_speed_centered_hidden_128_64,turbine_holdout,42,199,0.00045092879092748926,0.017627787510229313,226
linear_residual_mlp_speed_centered_hidden_128_64,turbine_holdout,42,200,0.00042489002219579856,0.017249707369914154,226
linear_residual_mlp_speed_centered_hidden_128_64,turbine_holdout,42,201,0.0004436272424863842,0.01739904199371505,226
linear_residual_mlp_speed_centered_hidden_128_64,turbine_holdout,42,202,0.0003697671103854268,0.01796199637790001,226
linear_residual_mlp_speed_centered_hidden_128_64,turbine_holdout,42,203,0.0005100186312345946,0.017080366678066946,226
linear_residual_mlp_speed_centered_hidden_128_64,turbine_holdout,42,204,0.0006294134736197041,0.01905613412955465,226
linear_residual_mlp_speed_centered_hidden_128_64,turbine_holdout,42,205,0.0006555237214224036,0.0176708492272583,226
linear_residual_mlp_speed_centered_hidden_128_64,turbine_holdout,42,206,0.0005127156210007159,0.01675784311739062,226
linear_residual_mlp_speed_centered_hidden_128_64,turbine_holdout,42,207,0.00045767351239310957,0.01715663787106695,226
linear_residual_mlp_speed_centered_hidden_128_64,turbine_holdout,42,208,0.0004376504899455084,0.0183037245420727,226
linear_residual_mlp_speed_centered_hidden_128_64,turbine_holdout,42,209,0.0005139737685585357,0.018514524412518468,226
linear_residual_mlp_speed_centered_hidden_128_64,turbine_holdout,42,210,0.0004344990490027754,0.016937760569059032,226
linear_residual_mlp_speed_centered_hidden_128_64,turbine_holdout,42,211,0.00034182316109777504,0.01687945076781259,226
linear_residual_mlp_speed_centered_hidden_128_64,turbine_holdout,42,212,0.00035575955339214383,0.016426119844896725,226
linear_residual_mlp_speed_centered_hidden_128_64,turbine_holdout,42,213,0.0004307224444663538,0.017148299745411093,226
linear_residual_mlp_speed_centered_hidden_128_64,turbine_holdout,42,214,0.0003792776732273351,0.017106561706723193,226
linear_residual_mlp_speed_centered_hidden_128_64,turbine_holdout,42,215,0.0003547244116842487,0.016660450576806735,226
linear_residual_mlp_speed_centered_hidden_128_64,turbine_holdout,42,216,0.0004369389563281503,0.017208463379774476,226
linear_residual_mlp_speed_centered_hidden_128_64,turbine_holdout,42,217,0.0005745377595366987,0.017693609894347727,226
linear_residual_mlp_speed_centered_hidden_128_64,turbine_holdout,42,218,0.0004824514560779853,0.017159269556990528,226
linear_residual_mlp_speed_centered_hidden_128_64,turbine_holdout,42,219,0.0003569392973231456,0.01778048298754975,226
linear_residual_mlp_speed_centered_hidden_128_64,turbine_holdout,42,220,0.0003753666796296437,0.016918571016285355,226
linear_residual_mlp_speed_centered_hidden_128_64,turbine_holdout,42,221,0.00041877646256625764,0.0174689023516255,226
linear_residual_mlp_speed_centered_hidden_128_64,turbine_holdout,42,222,0.0003695319079381083,0.016772331463972258,226
linear_residual_mlp_speed_centered_hidden_128_64,turbine_holdout,42,223,0.00032795241816793133,0.016746244396102596,226
linear_residual_mlp_speed_centered_hidden_128_64,turbine_holdout,42,224,0.0003676268388517201,0.017293898888381246,226
linear_residual_mlp_speed_centered_hidden_128_64,turbine_holdout,42,225,0.00034108872955040053,0.016671962964319314,226
linear_residual_mlp_speed_centered_hidden_128_64,turbine_holdout,42,226,0.0005420594100666908,0.01618942708198104,226
linear_residual_mlp_speed_centered_hidden_128_64,turbine_holdout,42,227,0.0006559196129022267,0.017159270663896567,226
linear_residual_mlp_speed_centered_hidden_128_64,turbine_holdout,42,228,0.00039943000475453996,0.017285283173401007,226
linear_residual_mlp_speed_centered_hidden_128_64,turbine_holdout,42,229,0.0003361969054164263,0.017293431991198104,226
linear_residual_mlp_speed_centered_hidden_128_64,turbine_holdout,42,230,0.0004008550438213249,0.01725794217876727,226
linear_residual_mlp_speed_centered_hidden_128_64,turbine_holdout,42,231,0.000430026329665248,0.01652899321796299,226
linear_residual_mlp_speed_centered_hidden_128_64,turbine_holdout,42,232,0.0004675255569452846,0.017512247637137247,226
linear_residual_mlp_speed_centered_hidden_128_64,turbine_holdout,42,233,0.0003431888135765884,0.017451134617739457,226
linear_residual_mlp_speed_centered_hidden_128_64,turbine_holdout,42,234,0.0003096818795107094,0.017586184163877423,226
linear_residual_mlp_speed_centered_hidden_128_64,turbine_holdout,42,235,0.0003505331357080725,0.01653396179541354,226
linear_residual_mlp_speed_centered_hidden_128_64,turbine_holdout,42,236,0.000419405620232679,0.017697555876357483,226
linear_residual_mlp_speed_centered_hidden_128_64,turbine_holdout,42,237,0.00040692944472253906,0.016904735501404797,226
linear_residual_mlp_speed_centered_hidden_128_64,turbine_holdout,42,238,0.0003838874096576376,0.01631577939380215,226
linear_residual_mlp_speed_centered_hidden_128_64,turbine_holdout,42,239,0.0004226620231571451,0.0165457768876521,226
linear_residual_mlp_speed_centered_hidden_128_64,turbine_holdout,42,240,0.0004556193475536434,0.01764076503598784,226
linear_residual_mlp_speed_centered_hidden_128_64,turbine_holdout,42,241,0.00032204188790587276,0.017592643138465695,226
linear_residual_mlp_speed_centered_hidden_128_64,turbine_holdout,42,242,0.00037078250615886965,0.016403182973846492,226
linear_residual_mlp_speed_centered_hidden_128_64,turbine_holdout,42,243,0.00035221570062102074,0.01662175069758693,226
linear_residual_mlp_speed_centered_hidden_128_64,turbine_holdout,42,244,0.00044249813053361294,0.01654879407746057,226
linear_residual_mlp_speed_centered_hidden_128_64,turbine_holdout,42,245,0.00039088528740020926,0.016182412548296297,226
linear_residual_mlp_speed_centered_hidden_128_64,turbine_holdout,42,246,0.00035874324264603387,0.016927278474842874,226
linear_residual_mlp_speed_centered_hidden_128_64,turbine_holdout,42,247,0.00030966688850174267,0.01692194972970955,226
linear_residual_mlp_speed_centered_hidden_128_64,turbine_holdout,42,248,0.0003443170132288965,0.017445380644170276,226
linear_residual_mlp_speed_centered_hidden_128_64,turbine_holdout,42,249,0.0004007333154969672,0.017006840125671458,226
linear_residual_mlp_speed_centered_hidden_128_64,turbine_holdout,42,250,0.00033299912255224906,0.017098905411290707,226
linear_residual_mlp_speed_centered_hidden_128_64,turbine_holdout,42,251,0.0003118055477846933,0.017571587967321313,226
linear_residual_mlp_speed_centered_hidden_128_64,turbine_holdout,42,252,0.0004815648772504205,0.016338761943844697,226
linear_residual_mlp_speed_centered_hidden_128_64,turbine_holdout,42,253,0.0004419074020341388,0.017679694542668947,226
linear_residual_mlp_speed_centered_hidden_128_64,turbine_holdout,42,254,0.0006131295132255973,0.017066903180928898,226
linear_residual_mlp_speed_centered_hidden_128_64,turbine_holdout,42,255,0.0004044244883704752,0.016734736148190606,226
linear_residual_mlp_speed_centered_hidden_128_64,turbine_holdout,42,256,0.0004541749494304487,0.016317798096190158,226
linear_residual_mlp_speed_centered_hidden_128_64,turbine_holdout,42,257,0.00038913977914489806,0.0173913740849314,226
linear_residual_mlp_speed_centered_hidden_128_64,turbine_holdout,42,258,0.0004226344565035114,0.01742637867812742,226
linear_residual_mlp_speed_centered_hidden_128_64,turbine_holdout,42,259,0.00036213499886259714,0.016496533217928294,226
linear_residual_mlp_speed_centered_hidden_128_64,turbine_holdout,42,260,0.0005050411038019559,0.016789488250149094,226
linear_residual_mlp_speed_centered_hidden_128_64,turbine_holdout,42,261,0.00032907470004137985,0.016648334984681004,226
linear_residual_mlp_speed_centered_hidden_128_64,turbine_holdout,42,262,0.0003463363624051059,0.017196586995228837,226
linear_residual_mlp_speed_centered_hidden_128_64,turbine_holdout,42,263,0.0003169906143152839,0.016540414713189632,226
linear_residual_mlp_speed_centered_hidden_128_64,turbine_holdout,42,264,0.000322331696526048,0.016658491127188514,226
linear_residual_mlp_speed_centered_hidden_128_64,turbine_holdout,42,265,0.000504376155398847,0.01759885535609096,226
linear_residual_mlp_speed_centered_hidden_128_64,turbine_holdout,42,266,0.00037434881266200414,0.017133774670943916,226
